dataset,track,condition_id,method,reference_count,rrf_constant,top_l,ndcg_at_10,recall_at_20,complete_top20_exact_rate
arguana,controlled,primary,bridge_shared,5,60,10,0.4011293021302341,0.8890469416785206,0.0
arguana,controlled,primary,bridge_shared,5,60,20,0.39987985017609495,0.9295874822190612,0.002844950213371266
arguana,controlled,primary,bridge_shared,5,60,50,0.399596273647543,0.9253200568990043,0.39853010905642483
arguana,controlled,primary,bridge_shared,5,60,100,0.4000375597401285,0.9220009483167378,0.7626837363679468
arguana,controlled,primary,bridge_shared,5,60,200,0.4003969700504824,0.9246088193456614,0.944760550023708
arguana,controlled,primary,bridge_shared,5,60,500,0.4003969700504824,0.9265054528212423,0.9881460407776197
arguana,controlled,primary,bridge_shared,5,60,1000,0.4003969700504824,0.9265054528212423,0.9952584163110479
arguana,controlled,primary,dense_only,5,60,10,0.4014496020638138,0.8869132290184921,0.0
arguana,controlled,primary,dense_only,5,60,20,0.3977712420633671,0.9267425320056899,0.0007112375533428165
arguana,controlled,primary,dense_only,5,60,50,0.3938421707113392,0.9165481270744429,0.3364153627311522
arguana,controlled,primary,dense_only,5,60,100,0.3942497607496877,0.9158368895211001,0.70791844476055
arguana,controlled,primary,dense_only,5,60,200,0.3952264755664599,0.9177335229966809,0.9058795637743006
arguana,controlled,primary,dense_only,5,60,500,0.39564049977870586,0.9186818397344713,0.974158368895211
arguana,controlled,primary,dense_only,5,60,1000,0.39564049977870586,0.9193930772878142,0.9879089615931721
arguana,controlled,primary,mugi_controlled,5,60,10,0.3929503360747593,0.8864390706495969,0.0
arguana,controlled,primary,mugi_controlled,5,60,20,0.3889182097326516,0.9215267899478425,0.0030820293978188716
arguana,controlled,primary,mugi_controlled,5,60,50,0.3839062240798249,0.9122807017543859,0.34471313418681837
arguana,controlled,primary,mugi_controlled,5,60,100,0.384224660120973,0.904457088667615,0.7268847795163584
arguana,controlled,primary,mugi_controlled,5,60,200,0.3840813387119868,0.9073020388809863,0.9122807017543859
arguana,controlled,primary,mugi_controlled,5,60,500,0.3842926058569953,0.9096728307254623,0.9793741109530584
arguana,controlled,primary,mugi_controlled,5,60,1000,0.3842926058569953,0.9108582266477003,0.9907539118065434
arguana,controlled,primary,original,5,60,10,0.4008816544812324,0.8890469416785206,0.0
arguana,controlled,primary,original,5,60,20,0.3971721839436907,0.9260312944523471,0.001422475106685633
arguana,controlled,primary,original,5,60,50,0.3930078602876121,0.9167852062588905,0.34210526315789475
arguana,controlled,primary,original,5,60,100,0.39321138116838417,0.914651493598862,0.7204836415362731
arguana,controlled,primary,original,5,60,200,0.394111305124692,0.9167852062588905,0.9096728307254623
arguana,controlled,primary,original,5,60,500,0.394111305124692,0.9203413940256046,0.9751066856330014
arguana,controlled,primary,original,5,60,1000,0.394111305124692,0.9196301564722618,0.9893314366998578
arguana,controlled,primary,proposed,5,60,10,0.40079308061537117,0.8878615457562826,0.0
arguana,controlled,primary,proposed,5,60,20,0.3992236449156394,0.9276908487434803,0.0021337126600284497
arguana,controlled,primary,proposed,5,60,50,0.3975210749285073,0.9231863442389758,0.3752963489805595
arguana,controlled,primary,proposed,5,60,100,0.39860490569975915,0.9210526315789473,0.74158368895211
arguana,controlled,primary,proposed,5,60,200,0.3989923588607965,0.9215267899478425,0.9305357989568516
arguana,controlled,primary,proposed,5,60,500,0.3991294213673484,0.9234234234234234,0.9869606448553817
arguana,controlled,primary,proposed,5,60,1000,0.3991294213673484,0.923660502607871,0.9957325746799431
arguana,controlled,primary,sparse_boolean_mask,5,60,10,0.4010836558369159,0.8890469416785206,0.0
arguana,controlled,primary,sparse_boolean_mask,5,60,20,0.39988167974704847,0.9295874822190612,0.002844950213371266
arguana,controlled,primary,sparse_boolean_mask,5,60,50,0.39966861953554134,0.9253200568990043,0.39853010905642483
arguana,controlled,primary,sparse_boolean_mask,5,60,100,0.40011274232071714,0.9220009483167378,0.7626837363679468
arguana,controlled,primary,sparse_boolean_mask,5,60,200,0.40047215263107105,0.9246088193456614,0.9442863916548128
arguana,controlled,primary,sparse_boolean_mask,5,60,500,0.40047215263107105,0.9265054528212423,0.9881460407776197
arguana,controlled,primary,sparse_boolean_mask,5,60,1000,0.40047215263107105,0.9265054528212423,0.9952584163110479
arguana,controlled,primary,sparse_only,5,60,10,0.4009990542436745,0.8895211000474158,0.0
arguana,controlled,primary,sparse_only,5,60,20,0.39874374099718174,0.9295874822190612,0.002844950213371266
arguana,controlled,primary,sparse_only,5,60,50,0.3966335309823263,0.9238975817923186,0.3883357041251778
arguana,controlled,primary,sparse_only,5,60,100,0.3973000603596392,0.920104314841157,0.747036510194405
arguana,controlled,primary,sparse_only,5,60,200,0.397694481009941,0.9212897107633949,0.9359886201991465
arguana,controlled,primary,sparse_only,5,60,500,0.39783721690167356,0.9234234234234234,0.9881460407776197
arguana,controlled,primary,sparse_only,5,60,1000,0.39783721690167356,0.9241346609767662,0.9952584163110479
arguana,controlled,primary,sparse_references_only,5,60,10,0.3929730765920107,0.8864390706495969,0.0
arguana,controlled,primary,sparse_references_only,5,60,20,0.3889997388656181,0.9215267899478425,0.0030820293978188716
arguana,controlled,primary,sparse_references_only,5,60,50,0.38397669807420287,0.9122807017543859,0.3440018966334756
arguana,controlled,primary,sparse_references_only,5,60,100,0.38429797080794126,0.904457088667615,0.7268847795163584
arguana,controlled,primary,sparse_references_only,5,60,200,0.3841546493989551,0.9073020388809863,0.9125177809388336
arguana,controlled,primary,sparse_references_only,5,60,500,0.3843659165439636,0.9096728307254623,0.9793741109530584
arguana,controlled,primary,sparse_references_only,5,60,1000,0.3843659165439636,0.9108582266477003,0.9907539118065434
fiqa,controlled,primary,bridge_shared,5,60,10,0.3771696708020982,0.5219423808929982,0.0
fiqa,controlled,primary,bridge_shared,5,60,20,0.37164597672856037,0.5353741637306453,0.0
fiqa,controlled,primary,bridge_shared,5,60,50,0.36319461823901245,0.5418125855625856,0.03909465020576132
fiqa,controlled,primary,bridge_shared,5,60,100,0.3618379352885285,0.5295556709522758,0.25977366255144035
fiqa,controlled,primary,bridge_shared,5,60,200,0.3627610799303833,0.5334957552164342,0.559156378600823
fiqa,controlled,primary,bridge_shared,5,60,500,0.3632096420701012,0.5374193364934106,0.793724279835391
fiqa,controlled,primary,bridge_shared,5,60,1000,0.3632702099141853,0.5384201775019677,0.8780864197530864
fiqa,controlled,primary,dense_only,5,60,10,0.3722823937041608,0.5215640997662603,0.0
fiqa,controlled,primary,dense_only,5,60,20,0.371587937767042,0.5390266497905387,0.0
fiqa,controlled,primary,dense_only,5,60,50,0.3638885675078022,0.5406575234893136,0.026234567901234566
fiqa,controlled,primary,dense_only,5,60,100,0.36334986710097894,0.5297263850118789,0.19444444444444445
fiqa,controlled,primary,dense_only,5,60,200,0.36349965647786625,0.526927927468051,0.42746913580246915
fiqa,controlled,primary,dense_only,5,60,500,0.36411736146469703,0.5293235770859228,0.6748971193415638
fiqa,controlled,primary,dense_only,5,60,1000,0.36415134975129443,0.5311352156645366,0.7736625514403292
fiqa,controlled,primary,mugi_controlled,5,60,10,0.3763570421132377,0.5201667002978732,0.0
fiqa,controlled,primary,mugi_controlled,5,60,20,0.3694844562640898,0.5344082786212416,0.0
fiqa,controlled,primary,mugi_controlled,5,60,50,0.3607805412990523,0.542873707225559,0.038580246913580245
fiqa,controlled,primary,mugi_controlled,5,60,100,0.3577897027726705,0.5285803773843898,0.25411522633744854
fiqa,controlled,primary,mugi_controlled,5,60,200,0.35772328282546284,0.5318440118980243,0.5462962962962963
fiqa,controlled,primary,mugi_controlled,5,60,500,0.3574922627077632,0.5345129578925876,0.7777777777777778
fiqa,controlled,primary,mugi_controlled,5,60,1000,0.35775734122408703,0.5364997385444916,0.8636831275720165
fiqa,controlled,primary,original,5,60,10,0.36630918555586434,0.5097847539977169,0.0
fiqa,controlled,primary,original,5,60,20,0.36792443513355855,0.5293767446545224,0.0
fiqa,controlled,primary,original,5,60,50,0.36174144903415856,0.5297081005414339,0.024691358024691357
fiqa,controlled,primary,original,5,60,100,0.36270172920087207,0.5227520207844282,0.18055555555555555
fiqa,controlled,primary,original,5,60,200,0.3648191822803162,0.5167334080528525,0.44290123456790126
fiqa,controlled,primary,original,5,60,500,0.36466595174871874,0.5230752657835991,0.6774691358024691
fiqa,controlled,primary,original,5,60,1000,0.36435471410041304,0.5254562181645515,0.7777777777777778
fiqa,controlled,primary,proposed,5,60,10,0.38321160642505614,0.5288980209890703,0.0
fiqa,controlled,primary,proposed,5,60,20,0.38226353544248465,0.5440802538796365,0.0
fiqa,controlled,primary,proposed,5,60,50,0.3780010867459366,0.5521300458800459,0.04063786008230453
fiqa,controlled,primary,proposed,5,60,100,0.37794971295013924,0.5398721106282834,0.2690329218106996
fiqa,controlled,primary,proposed,5,60,200,0.37765225780196876,0.5399215096745962,0.566358024691358
fiqa,controlled,primary,proposed,5,60,500,0.3778479201050493,0.5432847273896657,0.7860082304526749
fiqa,controlled,primary,proposed,5,60,1000,0.37775674763242373,0.5447764969369908,0.8739711934156379
fiqa,controlled,primary,sparse_boolean_mask,5,60,10,0.3780477435440752,0.5238726180084204,0.0
fiqa,controlled,primary,sparse_boolean_mask,5,60,20,0.3722612869408587,0.5372958274578645,0.0
fiqa,controlled,primary,sparse_boolean_mask,5,60,50,0.36381972642739274,0.5439914509358954,0.040123456790123455
fiqa,controlled,primary,sparse_boolean_mask,5,60,100,0.3611881098527102,0.5323097698483501,0.2602880658436214
fiqa,controlled,primary,sparse_boolean_mask,5,60,200,0.36220008136527354,0.5337786770271338,0.5524691358024691
fiqa,controlled,primary,sparse_boolean_mask,5,60,500,0.3624152974101379,0.5383137952582397,0.7901234567901234
fiqa,controlled,primary,sparse_boolean_mask,5,60,1000,0.3625433683166269,0.5397420809072043,0.8688271604938271
fiqa,controlled,primary,sparse_only,5,60,10,0.3813860682713639,0.5210934298897262,0.0
fiqa,controlled,primary,sparse_only,5,60,20,0.38518016671750144,0.5398832277690303,0.0
fiqa,controlled,primary,sparse_only,5,60,50,0.3797485367838126,0.5498565206512737,0.02880658436213992
fiqa,controlled,primary,sparse_only,5,60,100,0.37897352144033375,0.5377998373368744,0.22170781893004116
fiqa,controlled,primary,sparse_only,5,60,200,0.3800449701332395,0.5380558142132217,0.5190329218106996
fiqa,controlled,primary,sparse_only,5,60,500,0.38047539360494487,0.5426180815069703,0.7530864197530864
fiqa,controlled,primary,sparse_only,5,60,1000,0.3802836389868714,0.5435929982226277,0.8415637860082305
fiqa,controlled,primary,sparse_references_only,5,60,10,0.3671737303715429,0.5205734965765829,0.0
fiqa,controlled,primary,sparse_references_only,5,60,20,0.36075756351810123,0.5329310150297805,0.0
fiqa,controlled,primary,sparse_references_only,5,60,50,0.3504467639654207,0.5375763554004295,0.03446502057613169
fiqa,controlled,primary,sparse_references_only,5,60,100,0.3435859006937424,0.5218531068839711,0.22067901234567902
fiqa,controlled,primary,sparse_references_only,5,60,200,0.34309135320441814,0.5272711113760497,0.5005144032921811
fiqa,controlled,primary,sparse_references_only,5,60,500,0.34345147344733434,0.5274554078180621,0.7371399176954733
fiqa,controlled,primary,sparse_references_only,5,60,1000,0.34387615356367696,0.5277807569088434,0.8266460905349794
nfcorpus,controlled,primary,bridge_shared,5,60,10,0.3775222542447607,0.21087823886985435,0.0
nfcorpus,controlled,primary,bridge_shared,5,60,20,0.37968840089005773,0.2287506681687822,0.0
nfcorpus,controlled,primary,bridge_shared,5,60,50,0.37722768947162827,0.22720731810750963,0.1393188854489164
nfcorpus,controlled,primary,bridge_shared,5,60,100,0.37730797512124287,0.22220353279172575,0.43653250773993807
nfcorpus,controlled,primary,bridge_shared,5,60,200,0.37807415421534735,0.22425062302189064,0.6914344685242518
nfcorpus,controlled,primary,bridge_shared,5,60,500,0.3780156564954637,0.22509806500632315,0.8771929824561403
nfcorpus,controlled,primary,bridge_shared,5,60,1000,0.3780156564954637,0.2252695838999978,0.9432404540763674
nfcorpus,controlled,primary,dense_only,5,60,10,0.3712852607742975,0.19737838765724192,0.0
nfcorpus,controlled,primary,dense_only,5,60,20,0.3712026542781924,0.220165007278923,0.13312693498452013
nfcorpus,controlled,primary,dense_only,5,60,50,0.37496238757235617,0.221127694270089,0.25593395252837975
nfcorpus,controlled,primary,dense_only,5,60,100,0.37302381488150865,0.21792948929096723,0.4633642930856553
nfcorpus,controlled,primary,dense_only,5,60,200,0.3739066829053914,0.21750411412252202,0.628482972136223
nfcorpus,controlled,primary,dense_only,5,60,500,0.37429720302525943,0.21746812662261314,0.7719298245614035
nfcorpus,controlled,primary,dense_only,5,60,1000,0.3741256014155666,0.21745805871780838,0.8648090815273478
nfcorpus,controlled,primary,mugi_controlled,5,60,10,0.37984825782530074,0.21119545779804721,0.0
nfcorpus,controlled,primary,mugi_controlled,5,60,20,0.38128824853061716,0.22832298026347433,0.0
nfcorpus,controlled,primary,mugi_controlled,5,60,50,0.37740417889276195,0.22790794850987484,0.1475748194014448
nfcorpus,controlled,primary,mugi_controlled,5,60,100,0.37702051379808904,0.22211603010710598,0.434468524251806
nfcorpus,controlled,primary,mugi_controlled,5,60,200,0.3779009169554222,0.22417606758445294,0.6831785345717234
nfcorpus,controlled,primary,mugi_controlled,5,60,500,0.3778511348426311,0.22450516635325288,0.8699690402476781
nfcorpus,controlled,primary,mugi_controlled,5,60,1000,0.3778511348426311,0.2248152180753165,0.9391124871001032
nfcorpus,controlled,primary,original,5,60,10,0.3647761218005764,0.19324533172485842,0.0
nfcorpus,controlled,primary,original,5,60,20,0.3637243371465347,0.21161593470004508,0.13622291021671826
nfcorpus,controlled,primary,original,5,60,50,0.3642918839485271,0.21412353849441895,0.26625386996904027
nfcorpus,controlled,primary,original,5,60,100,0.36369583708952874,0.21107875771118037,0.47058823529411764
nfcorpus,controlled,primary,original,5,60,200,0.3653066960974393,0.2099528811718646,0.6563467492260062
nfcorpus,controlled,primary,original,5,60,500,0.3666299634761476,0.20979359910710393,0.7863777089783281
nfcorpus,controlled,primary,original,5,60,1000,0.3669274799188267,0.21002836120416243,0.8668730650154799
nfcorpus,controlled,primary,proposed,5,60,10,0.38139976874051423,0.19981960307667174,0.0
nfcorpus,controlled,primary,proposed,5,60,20,0.3812543864332526,0.22406837076501743,0.13209494324045407
nfcorpus,controlled,primary,proposed,5,60,50,0.37856809467898,0.22438022402773775,0.2951496388028896
nfcorpus,controlled,primary,proposed,5,60,100,0.3785684387235396,0.22031686249565727,0.52218782249742
nfcorpus,controlled,primary,proposed,5,60,200,0.3788164485245755,0.21823733021907538,0.6862745098039216
nfcorpus,controlled,primary,proposed,5,60,500,0.3792363883538435,0.21851782378228224,0.8297213622291022
nfcorpus,controlled,primary,proposed,5,60,1000,0.37916797588487217,0.21964923161081504,0.8998968008255934
nfcorpus,controlled,primary,sparse_boolean_mask,5,60,10,0.3764561880995924,0.20048262615359197,0.0
nfcorpus,controlled,primary,sparse_boolean_mask,5,60,20,0.37791590223878085,0.22401257853008488,0.13725490196078433
nfcorpus,controlled,primary,sparse_boolean_mask,5,60,50,0.3769320512637454,0.22316596489463808,0.29102167182662536
nfcorpus,controlled,primary,sparse_boolean_mask,5,60,100,0.37702433162975174,0.220358668972074,0.542827657378741
nfcorpus,controlled,primary,sparse_boolean_mask,5,60,200,0.37731541991693307,0.21948142721573038,0.7192982456140351
nfcorpus,controlled,primary,sparse_boolean_mask,5,60,500,0.377695639388631,0.2187419134039303,0.8369453044375645
nfcorpus,controlled,primary,sparse_boolean_mask,5,60,1000,0.37768960441162724,0.2197584158275123,0.9060887512899897
nfcorpus,controlled,primary,sparse_only,5,60,10,0.3741375493262909,0.19642551863945465,0.0
nfcorpus,controlled,primary,sparse_only,5,60,20,0.3731794975738898,0.2154440160247601,0.13622291021671826
nfcorpus,controlled,primary,sparse_only,5,60,50,0.3679453287926883,0.21571842936943073,0.2724458204334365
nfcorpus,controlled,primary,sparse_only,5,60,100,0.3687286223821749,0.2138132651513002,0.5025799793601651
nfcorpus,controlled,primary,sparse_only,5,60,200,0.3698412567085637,0.21392031993708166,0.6769865841073271
nfcorpus,controlled,primary,sparse_only,5,60,500,0.3709610356909608,0.2125488611629011,0.8214654282765738
nfcorpus,controlled,primary,sparse_only,5,60,1000,0.37126398750052425,0.213641396364611,0.8875128998968008
nfcorpus,controlled,primary,sparse_references_only,5,60,10,0.37618711995203474,0.20798809457661235,0.0
nfcorpus,controlled,primary,sparse_references_only,5,60,20,0.37763163677827594,0.22584279769141782,0.0
nfcorpus,controlled,primary,sparse_references_only,5,60,50,0.3751608960133168,0.22544140114724895,0.14035087719298245
nfcorpus,controlled,primary,sparse_references_only,5,60,100,0.37529711744923816,0.22091432715170545,0.4231166150670795
nfcorpus,controlled,primary,sparse_references_only,5,60,200,0.37606771815089496,0.22124342516336273,0.6501547987616099
nfcorpus,controlled,primary,sparse_references_only,5,60,500,0.3763703049903692,0.22157727458847942,0.8596491228070176
nfcorpus,controlled,primary,sparse_references_only,5,60,1000,0.37624436494207286,0.22146267550139395,0.9246646026831785
scidocs,controlled,primary,bridge_shared,5,60,10,0.19281034680336867,0.25653333333333334,0.0
scidocs,controlled,primary,bridge_shared,5,60,20,0.19001202595164424,0.2800111111111111,0.0
scidocs,controlled,primary,bridge_shared,5,60,50,0.190743673243235,0.2768277777777778,0.132
scidocs,controlled,primary,bridge_shared,5,60,100,0.19028360525715826,0.27456111111111114,0.5326666666666666
scidocs,controlled,primary,bridge_shared,5,60,200,0.19045133345131182,0.27755555555555556,0.818
scidocs,controlled,primary,bridge_shared,5,60,500,0.19045892412360121,0.2790222222222222,0.9373333333333334
scidocs,controlled,primary,bridge_shared,5,60,1000,0.19045892412360121,0.2788888888888889,0.9636666666666667
scidocs,controlled,primary,dense_only,5,60,10,0.19535088658528674,0.2545555555555556,0.0
scidocs,controlled,primary,dense_only,5,60,20,0.19453249772169254,0.2760722222222222,0.0
scidocs,controlled,primary,dense_only,5,60,50,0.1947061580984259,0.2737666666666667,0.10633333333333334
scidocs,controlled,primary,dense_only,5,60,100,0.19357017538969867,0.2716166666666667,0.45166666666666666
scidocs,controlled,primary,dense_only,5,60,200,0.19367133342031734,0.27308333333333334,0.721
scidocs,controlled,primary,dense_only,5,60,500,0.19381545731229932,0.2753388888888889,0.882
scidocs,controlled,primary,dense_only,5,60,1000,0.19377249940156963,0.27540555555555557,0.934
scidocs,controlled,primary,mugi_controlled,5,60,10,0.19124874687467744,0.25631111111111116,0.0
scidocs,controlled,primary,mugi_controlled,5,60,20,0.18912606294667392,0.27941666666666665,0.0
scidocs,controlled,primary,mugi_controlled,5,60,50,0.18903453348555235,0.27569444444444446,0.125
scidocs,controlled,primary,mugi_controlled,5,60,100,0.18877994566911924,0.27206111111111114,0.5153333333333333
scidocs,controlled,primary,mugi_controlled,5,60,200,0.18905138524111267,0.27584444444444445,0.8033333333333333
scidocs,controlled,primary,mugi_controlled,5,60,500,0.18909626173212327,0.27679444444444445,0.931
scidocs,controlled,primary,mugi_controlled,5,60,1000,0.18909626173212327,0.2768611111111111,0.9613333333333334
scidocs,controlled,primary,original,5,60,10,0.19428818714856402,0.25060000000000004,0.0
scidocs,controlled,primary,original,5,60,20,0.19530004848248886,0.2716,0.0
scidocs,controlled,primary,original,5,60,50,0.1927102840404513,0.26793333333333336,0.098
scidocs,controlled,primary,original,5,60,100,0.1922069395626882,0.26761666666666667,0.419
scidocs,controlled,primary,original,5,60,200,0.1924904417257351,0.2707333333333333,0.708
scidocs,controlled,primary,original,5,60,500,0.1924388107621005,0.2718833333333333,0.874
scidocs,controlled,primary,original,5,60,1000,0.19244081292219956,0.27208333333333334,0.934
scidocs,controlled,primary,proposed,5,60,10,0.1968529446613304,0.2556555555555556,0.0
scidocs,controlled,primary,proposed,5,60,20,0.19532968085457986,0.2778777777777778,0.0
scidocs,controlled,primary,proposed,5,60,50,0.19405393207118257,0.2768777777777778,0.13633333333333333
scidocs,controlled,primary,proposed,5,60,100,0.19399561812365365,0.27461111111111114,0.5236666666666666
scidocs,controlled,primary,proposed,5,60,200,0.19403892756590876,0.27706111111111115,0.7986666666666666
scidocs,controlled,primary,proposed,5,60,500,0.19402400065621234,0.2784111111111111,0.9286666666666666
scidocs,controlled,primary,proposed,5,60,1000,0.19401707737062265,0.2788777777777778,0.956
scidocs,controlled,primary,sparse_boolean_mask,5,60,10,0.19322778323355377,0.25685,0.0
scidocs,controlled,primary,sparse_boolean_mask,5,60,20,0.18989255846775682,0.27992222222222224,0.0003333333333333333
scidocs,controlled,primary,sparse_boolean_mask,5,60,50,0.19040204867835286,0.2768277777777778,0.13266666666666665
scidocs,controlled,primary,sparse_boolean_mask,5,60,100,0.19011664201213618,0.2744611111111111,0.532
scidocs,controlled,primary,sparse_boolean_mask,5,60,200,0.1902400013318751,0.2768277777777778,0.8163333333333334
scidocs,controlled,primary,sparse_boolean_mask,5,60,500,0.19020922222051437,0.27844444444444444,0.9336666666666666
scidocs,controlled,primary,sparse_boolean_mask,5,60,1000,0.19017654245857057,0.2783777777777778,0.9643333333333334
scidocs,controlled,primary,sparse_only,5,60,10,0.1960200224432398,0.2525,0.0
scidocs,controlled,primary,sparse_only,5,60,20,0.1965820231562064,0.27293333333333336,0.0
scidocs,controlled,primary,sparse_only,5,60,50,0.19292513952345358,0.2734888888888889,0.12533333333333332
scidocs,controlled,primary,sparse_only,5,60,100,0.19358761741645228,0.2711055555555556,0.474
scidocs,controlled,primary,sparse_only,5,60,200,0.19387487601046677,0.2742611111111111,0.7756666666666666
scidocs,controlled,primary,sparse_only,5,60,500,0.19396145221786243,0.2748277777777778,0.9076666666666666
scidocs,controlled,primary,sparse_only,5,60,1000,0.19388945607625124,0.2750277777777778,0.946
scidocs,controlled,primary,sparse_references_only,5,60,10,0.19041776703656368,0.25586111111111115,0.0
scidocs,controlled,primary,sparse_references_only,5,60,20,0.18769299111980142,0.27645555555555557,0.0
scidocs,controlled,primary,sparse_references_only,5,60,50,0.1868571324988648,0.2732777777777778,0.11633333333333333
scidocs,controlled,primary,sparse_references_only,5,60,100,0.18688481751118785,0.2694777777777778,0.486
scidocs,controlled,primary,sparse_references_only,5,60,200,0.18693214880247747,0.27392777777777777,0.7883333333333333
scidocs,controlled,primary,sparse_references_only,5,60,500,0.18686774333315564,0.2747611111111111,0.9203333333333333
scidocs,controlled,primary,sparse_references_only,5,60,1000,0.18680103110617094,0.27489444444444444,0.959
scifact,controlled,primary,bridge_shared,5,60,10,0.734287977400501,0.913074074074074,0.0
scifact,controlled,primary,bridge_shared,5,60,20,0.733471189308361,0.9242222222222222,0.0011111111111111111
scifact,controlled,primary,bridge_shared,5,60,50,0.7331680341424064,0.9126666666666666,0.15333333333333332
scifact,controlled,primary,bridge_shared,5,60,100,0.7312649920793802,0.9115555555555556,0.5166666666666667
scifact,controlled,primary,bridge_shared,5,60,200,0.7321770779349782,0.9187777777777778,0.7877777777777778
scifact,controlled,primary,bridge_shared,5,60,500,0.7324982610753313,0.9193333333333333,0.9311111111111111
scifact,controlled,primary,bridge_shared,5,60,1000,0.7324982610753313,0.9182222222222222,0.9655555555555555
scifact,controlled,primary,dense_only,5,60,10,0.7321846801631441,0.8848518518518519,0.0
scifact,controlled,primary,dense_only,5,60,20,0.7320284719867022,0.9017777777777778,0.0
scifact,controlled,primary,dense_only,5,60,50,0.7376166326050307,0.9091111111111112,0.11333333333333333
scifact,controlled,primary,dense_only,5,60,100,0.7342970323298281,0.9046666666666667,0.43666666666666665
scifact,controlled,primary,dense_only,5,60,200,0.7356868747758804,0.9085555555555556,0.7255555555555555
scifact,controlled,primary,dense_only,5,60,500,0.7360213525488404,0.9135555555555556,0.88
scifact,controlled,primary,dense_only,5,60,1000,0.7360213525488404,0.9135555555555556,0.9322222222222222
scifact,controlled,primary,mugi_controlled,5,60,10,0.7298962770244583,0.913074074074074,0.0
scifact,controlled,primary,mugi_controlled,5,60,20,0.7305570297362484,0.9242222222222222,0.0
scifact,controlled,primary,mugi_controlled,5,60,50,0.7290093378205664,0.9137777777777778,0.1511111111111111
scifact,controlled,primary,mugi_controlled,5,60,100,0.7280080087032936,0.9071111111111111,0.51
scifact,controlled,primary,mugi_controlled,5,60,200,0.7292119443098362,0.9143333333333333,0.7788888888888889
scifact,controlled,primary,mugi_controlled,5,60,500,0.7295331274501895,0.9148888888888889,0.92
scifact,controlled,primary,mugi_controlled,5,60,1000,0.7295331274501895,0.9137777777777778,0.9655555555555555
scifact,controlled,primary,original,5,60,10,0.7225413578711638,0.8778888888888889,0.0
scifact,controlled,primary,original,5,60,20,0.7208286555401004,0.8895555555555555,0.0
scifact,controlled,primary,original,5,60,50,0.7267519796650274,0.9035555555555556,0.09333333333333334
scifact,controlled,primary,original,5,60,100,0.724121610289443,0.9002222222222223,0.4266666666666667
scifact,controlled,primary,original,5,60,200,0.7253089675798031,0.901888888888889,0.7166666666666667
scifact,controlled,primary,original,5,60,500,0.7253089675798031,0.9035555555555556,0.88
scifact,controlled,primary,original,5,60,1000,0.7253089675798031,0.9035555555555556,0.93
scifact,controlled,primary,proposed,5,60,10,0.7399041786290808,0.9037407407407407,0.0
scifact,controlled,primary,proposed,5,60,20,0.7416682907747425,0.9173333333333333,0.0
scifact,controlled,primary,proposed,5,60,50,0.7429004880728486,0.9167777777777778,0.1411111111111111
scifact,controlled,primary,proposed,5,60,100,0.7403574563593733,0.9166666666666666,0.5133333333333333
scifact,controlled,primary,proposed,5,60,200,0.742405703842934,0.9194444444444444,0.7755555555555556
scifact,controlled,primary,proposed,5,60,500,0.742740181615894,0.92,0.9211111111111111
scifact,controlled,primary,proposed,5,60,1000,0.742740181615894,0.9211111111111111,0.96
scifact,controlled,primary,sparse_boolean_mask,5,60,10,0.735131231271658,0.913074074074074,0.0
scifact,controlled,primary,sparse_boolean_mask,5,60,20,0.7342540195309838,0.9242222222222222,0.0011111111111111111
scifact,controlled,primary,sparse_boolean_mask,5,60,50,0.734038522025298,0.9126666666666666,0.15222222222222223
scifact,controlled,primary,sparse_boolean_mask,5,60,100,0.7321156261216633,0.9126666666666666,0.52
scifact,controlled,primary,sparse_boolean_mask,5,60,200,0.7330277119772612,0.9187777777777778,0.7844444444444445
scifact,controlled,primary,sparse_boolean_mask,5,60,500,0.7333488951176145,0.9193333333333333,0.9277777777777778
scifact,controlled,primary,sparse_boolean_mask,5,60,1000,0.7333488951176145,0.9182222222222222,0.9711111111111111
scifact,controlled,primary,sparse_only,5,60,10,0.7352939633346849,0.8997777777777777,0.0
scifact,controlled,primary,sparse_only,5,60,20,0.733836586853741,0.9208888888888889,0.0011111111111111111
scifact,controlled,primary,sparse_only,5,60,50,0.735601747367,0.9145555555555556,0.13
scifact,controlled,primary,sparse_only,5,60,100,0.7330303846692324,0.9111111111111111,0.48333333333333334
scifact,controlled,primary,sparse_only,5,60,200,0.7344936558662543,0.9181111111111111,0.7422222222222222
scifact,controlled,primary,sparse_only,5,60,500,0.7344936558662543,0.9203333333333333,0.9022222222222223
scifact,controlled,primary,sparse_only,5,60,1000,0.7344936558662543,0.9192222222222222,0.9588888888888889
scifact,controlled,primary,sparse_references_only,5,60,10,0.72974824572885,0.9136296296296296,0.0
scifact,controlled,primary,sparse_references_only,5,60,20,0.7309539277410205,0.9247777777777777,0.0
scifact,controlled,primary,sparse_references_only,5,60,50,0.7298436087507595,0.9109999999999999,0.14777777777777779
scifact,controlled,primary,sparse_references_only,5,60,100,0.7294199402822833,0.9071111111111111,0.5033333333333333
scifact,controlled,primary,sparse_references_only,5,60,200,0.7306300805269191,0.9154444444444444,0.7777777777777778
scifact,controlled,primary,sparse_references_only,5,60,500,0.7309512636672724,0.9148888888888889,0.9255555555555556
scifact,controlled,primary,sparse_references_only,5,60,1000,0.7312724468076255,0.9148888888888889,0.9655555555555555
trec-covid,controlled,primary,bridge_shared,5,60,10,0.7719706465663854,0.0364080146747835,0.0
trec-covid,controlled,primary,bridge_shared,5,60,20,0.7856585428734626,0.04058154086152724,0.0
trec-covid,controlled,primary,bridge_shared,5,60,50,0.8035413968135382,0.04163648707236481,0.02
trec-covid,controlled,primary,bridge_shared,5,60,100,0.8079435064167525,0.042936485125286035,0.3333333333333333
trec-covid,controlled,primary,bridge_shared,5,60,200,0.8149584684072884,0.043206692136495785,0.64
trec-covid,controlled,primary,bridge_shared,5,60,500,0.8166797686118775,0.043336675745716535,0.8266666666666667
trec-covid,controlled,primary,bridge_shared,5,60,1000,0.8168532182206378,0.043295199633819746,0.9066666666666666
trec-covid,controlled,primary,dense_only,5,60,10,0.7189279785123718,0.03349284930513994,0.0
trec-covid,controlled,primary,dense_only,5,60,20,0.733415652376141,0.03658017753016969,0.0
trec-covid,controlled,primary,dense_only,5,60,50,0.7625352549132913,0.03768304470685859,0.006666666666666667
trec-covid,controlled,primary,dense_only,5,60,100,0.7835502142985827,0.03984646494043006,0.20666666666666667
trec-covid,controlled,primary,dense_only,5,60,200,0.784909375838708,0.041296603761517794,0.49333333333333335
trec-covid,controlled,primary,dense_only,5,60,500,0.7858385093276288,0.041391189830089686,0.7
trec-covid,controlled,primary,dense_only,5,60,1000,0.7855082287349556,0.041365143419647525,0.7466666666666667
trec-covid,controlled,primary,mugi_controlled,5,60,10,0.7670565747002115,0.03654751921524353,0.0
trec-covid,controlled,primary,mugi_controlled,5,60,20,0.7830540331104124,0.040727130601367116,0.0
trec-covid,controlled,primary,mugi_controlled,5,60,50,0.8002795749593599,0.04153103257847877,0.02
trec-covid,controlled,primary,mugi_controlled,5,60,100,0.8043215541488057,0.04311733563254618,0.32
trec-covid,controlled,primary,mugi_controlled,5,60,200,0.8102143053579651,0.04317683208716222,0.6266666666666667
trec-covid,controlled,primary,mugi_controlled,5,60,500,0.8128068327541911,0.04339413391671312,0.8266666666666667
trec-covid,controlled,primary,mugi_controlled,5,60,1000,0.8122807290277412,0.04342064929720893,0.8933333333333333
trec-covid,controlled,primary,original,5,60,10,0.6873966886669226,0.03276713672525624,0.0
trec-covid,controlled,primary,original,5,60,20,0.7086648277884608,0.03539859878922161,0.0
trec-covid,controlled,primary,original,5,60,50,0.7519234775298889,0.03690062390942954,0.0
trec-covid,controlled,primary,original,5,60,100,0.7780720873769198,0.03867930258968521,0.2
trec-covid,controlled,primary,original,5,60,200,0.7765631315578388,0.03973028330620027,0.5
trec-covid,controlled,primary,original,5,60,500,0.7766993519271234,0.03976674842974202,0.64
trec-covid,controlled,primary,original,5,60,1000,0.7779717676911024,0.039815242051826065,0.68
trec-covid,controlled,primary,proposed,5,60,10,0.7801200182893792,0.03617843813319661,0.0
trec-covid,controlled,primary,proposed,5,60,20,0.7923211008457272,0.04024371832758349,0.0
trec-covid,controlled,primary,proposed,5,60,50,0.8080268785764265,0.04119035637873465,0.04
trec-covid,controlled,primary,proposed,5,60,100,0.8191401800414359,0.04335702730398656,0.34
trec-covid,controlled,primary,proposed,5,60,200,0.8221719926476982,0.043503183002056516,0.7
trec-covid,controlled,primary,proposed,5,60,500,0.8219690437558408,0.043566298338695165,0.86
trec-covid,controlled,primary,proposed,5,60,1000,0.8225404139515102,0.04337162032412993,0.9
trec-covid,controlled,primary,sparse_boolean_mask,5,60,10,0.7721690278548786,0.03650263274374101,0.0
trec-covid,controlled,primary,sparse_boolean_mask,5,60,20,0.7859895904712099,0.04068437750870075,0.0
trec-covid,controlled,primary,sparse_boolean_mask,5,60,50,0.8014430016264297,0.04147641592535963,0.02
trec-covid,controlled,primary,sparse_boolean_mask,5,60,100,0.8102555684662247,0.042997895188284785,0.32
trec-covid,controlled,primary,sparse_boolean_mask,5,60,200,0.8169334564685025,0.0430590709815616,0.64
trec-covid,controlled,primary,sparse_boolean_mask,5,60,500,0.8188618907874226,0.04325717764227261,0.8133333333333334
trec-covid,controlled,primary,sparse_boolean_mask,5,60,1000,0.8189986261566903,0.043195081889809896,0.9066666666666666
trec-covid,controlled,primary,sparse_only,5,60,10,0.7464870627885252,0.03559625711360445,0.0
trec-covid,controlled,primary,sparse_only,5,60,20,0.763818975879598,0.03907944453514106,0.0
trec-covid,controlled,primary,sparse_only,5,60,50,0.7915601268810379,0.040924598867436324,0.02
trec-covid,controlled,primary,sparse_only,5,60,100,0.8182336924443596,0.04207898924062065,0.22
trec-covid,controlled,primary,sparse_only,5,60,200,0.81774173682728,0.042733109159705525,0.5733333333333334
trec-covid,controlled,primary,sparse_only,5,60,500,0.8185416731747297,0.04308051305362523,0.7866666666666666
trec-covid,controlled,primary,sparse_only,5,60,1000,0.8186889047824061,0.04311901754890869,0.84
trec-covid,controlled,primary,sparse_references_only,5,60,10,0.7456878110747346,0.03603518863483305,0.0
trec-covid,controlled,primary,sparse_references_only,5,60,20,0.7610892583505905,0.039891066164967445,0.0
trec-covid,controlled,primary,sparse_references_only,5,60,50,0.7876707434302359,0.0403326449740114,0.013333333333333334
trec-covid,controlled,primary,sparse_references_only,5,60,100,0.7959875703073984,0.042065774662566405,0.22666666666666666
trec-covid,controlled,primary,sparse_references_only,5,60,200,0.8021196992592445,0.04254377922893685,0.5466666666666666
trec-covid,controlled,primary,sparse_references_only,5,60,500,0.8055320930402142,0.04240299391924959,0.7533333333333333
trec-covid,controlled,primary,sparse_references_only,5,60,1000,0.8061073140626515,0.04263268933606659,0.84
webis-touche2020,controlled,primary,bridge_shared,5,60,10,0.38607907981357387,0.3296174812158198,0.0
webis-touche2020,controlled,primary,bridge_shared,5,60,20,0.38252491427585694,0.3488815691702672,0.0
webis-touche2020,controlled,primary,bridge_shared,5,60,50,0.38100915011109204,0.3380619327777358,0.10204081632653061
webis-touche2020,controlled,primary,bridge_shared,5,60,100,0.3828875369318901,0.3215003312516525,0.35374149659863946
webis-touche2020,controlled,primary,bridge_shared,5,60,200,0.3876568854610686,0.3307579644051853,0.6598639455782312
webis-touche2020,controlled,primary,bridge_shared,5,60,500,0.38755933269900755,0.33450387989579816,0.8435374149659864
webis-touche2020,controlled,primary,bridge_shared,5,60,1000,0.3884002784688589,0.3344166655228695,0.8639455782312925
webis-touche2020,controlled,primary,dense_only,5,60,10,0.4045363865673278,0.33188496352016034,0.0
webis-touche2020,controlled,primary,dense_only,5,60,20,0.3973393371249082,0.3517907821662302,0.0
webis-touche2020,controlled,primary,dense_only,5,60,50,0.3801177789152423,0.34679299065222075,0.1292517006802721
webis-touche2020,controlled,primary,dense_only,5,60,100,0.3837356685609458,0.330459700639617,0.4489795918367347
webis-touche2020,controlled,primary,dense_only,5,60,200,0.38499803043170433,0.3439281269308218,0.7414965986394558
webis-touche2020,controlled,primary,dense_only,5,60,500,0.3856715235224627,0.3436354779795956,0.8571428571428571
webis-touche2020,controlled,primary,dense_only,5,60,1000,0.3856140822367943,0.3471035318678175,0.9115646258503401
webis-touche2020,controlled,primary,mugi_controlled,5,60,10,0.3911141218373658,0.3318059828308312,0.0
webis-touche2020,controlled,primary,mugi_controlled,5,60,20,0.3883710526083324,0.3520540327111917,0.0
webis-touche2020,controlled,primary,mugi_controlled,5,60,50,0.3849248868239535,0.33549205507991214,0.10204081632653061
webis-touche2020,controlled,primary,mugi_controlled,5,60,100,0.3888395701986768,0.32442945676086266,0.3945578231292517
webis-touche2020,controlled,primary,mugi_controlled,5,60,200,0.3926606953489705,0.3322210578361185,0.6870748299319728
webis-touche2020,controlled,primary,mugi_controlled,5,60,500,0.3941151944363845,0.3368482975163262,0.8367346938775511
webis-touche2020,controlled,primary,mugi_controlled,5,60,1000,0.39527569900151155,0.33708813704188006,0.8707482993197279
webis-touche2020,controlled,primary,original,5,60,10,0.39869690484035064,0.32207967096198403,0.0
webis-touche2020,controlled,primary,original,5,60,20,0.38878555582096963,0.3494981393507536,0.0
webis-touche2020,controlled,primary,original,5,60,50,0.3677675386777509,0.3347960265491836,0.14285714285714285
webis-touche2020,controlled,primary,original,5,60,100,0.37294341579521834,0.3205890578428232,0.4489795918367347
webis-touche2020,controlled,primary,original,5,60,200,0.3769645922914776,0.3317089828226653,0.6938775510204082
webis-touche2020,controlled,primary,original,5,60,500,0.37863737023350275,0.33550362430975256,0.8571428571428571
webis-touche2020,controlled,primary,original,5,60,1000,0.37863737023350275,0.33748903385818735,0.8979591836734694
webis-touche2020,controlled,primary,proposed,5,60,10,0.43403637486987473,0.35504561636576876,0.0
webis-touche2020,controlled,primary,proposed,5,60,20,0.41686206595620384,0.37367026666952663,0.0
webis-touche2020,controlled,primary,proposed,5,60,50,0.39726034372649005,0.35332615291690533,0.1292517006802721
webis-touche2020,controlled,primary,proposed,5,60,100,0.40029298341901115,0.3348040478847421,0.40816326530612246
webis-touche2020,controlled,primary,proposed,5,60,200,0.40405995291982644,0.3462389067646598,0.7074829931972789
webis-touche2020,controlled,primary,proposed,5,60,500,0.40519379771588987,0.3567290373725189,0.891156462585034
webis-touche2020,controlled,primary,proposed,5,60,1000,0.4075701475122771,0.3565215273127921,0.8979591836734694
webis-touche2020,controlled,primary,sparse_boolean_mask,5,60,10,0.38826653105565195,0.33043876210912954,0.0
webis-touche2020,controlled,primary,sparse_boolean_mask,5,60,20,0.3858596628356275,0.34978488273796005,0.0
webis-touche2020,controlled,primary,sparse_boolean_mask,5,60,50,0.38104893990621047,0.3406620386121044,0.09523809523809523
webis-touche2020,controlled,primary,sparse_boolean_mask,5,60,100,0.38352462974648827,0.3220224631813475,0.36054421768707484
webis-touche2020,controlled,primary,sparse_boolean_mask,5,60,200,0.38861727254296785,0.3331918590985995,0.6530612244897959
webis-touche2020,controlled,primary,sparse_boolean_mask,5,60,500,0.3874568848076896,0.3365543497125124,0.8367346938775511
webis-touche2020,controlled,primary,sparse_boolean_mask,5,60,1000,0.38910431176035476,0.3356874689195232,0.8639455782312925
webis-touche2020,controlled,primary,sparse_only,5,60,10,0.42819982219461133,0.3463653892183721,0.0
webis-touche2020,controlled,primary,sparse_only,5,60,20,0.422115705540019,0.368327477870535,0.0
webis-touche2020,controlled,primary,sparse_only,5,60,50,0.3935295599111735,0.3436558570490469,0.09523809523809523
webis-touche2020,controlled,primary,sparse_only,5,60,100,0.3902434825912545,0.3347109317244382,0.42857142857142855
webis-touche2020,controlled,primary,sparse_only,5,60,200,0.3992220250579324,0.3436620149233797,0.6666666666666666
webis-touche2020,controlled,primary,sparse_only,5,60,500,0.4026639188924435,0.3534935907493841,0.8367346938775511
webis-touche2020,controlled,primary,sparse_only,5,60,1000,0.40369619297538484,0.353092280800117,0.891156462585034
webis-touche2020,controlled,primary,sparse_references_only,5,60,10,0.37183957265659506,0.3215506075240406,0.0
webis-touche2020,controlled,primary,sparse_references_only,5,60,20,0.36889909102952395,0.335676479433598,0.0
webis-touche2020,controlled,primary,sparse_references_only,5,60,50,0.3566763379160648,0.32433783267366034,0.06802721088435375
webis-touche2020,controlled,primary,sparse_references_only,5,60,100,0.36040242789088556,0.30836986054978943,0.2857142857142857
webis-touche2020,controlled,primary,sparse_references_only,5,60,200,0.36516664622494016,0.3168072255280412,0.5714285714285714
webis-touche2020,controlled,primary,sparse_references_only,5,60,500,0.36357969726602446,0.32154838919719253,0.8163265306122449
webis-touche2020,controlled,primary,sparse_references_only,5,60,1000,0.36624133784393725,0.32041460234912,0.8435374149659864
