dataset,track,condition_id,method,reference_count,rrf_constant,queries,ndcg_at_10,recall_at_20,dense_depth,sparse_depth,sparse_support,sparse_exhaustion_rate,fallback_rate
arguana,ablation,primary,bridge_shared,1,60,1406,0.39787558618844604,0.9210526315789473,144.62565196775722,144.2112375533428,8594.940730203887,0.0,0.00023707918444760548
arguana,ablation,primary,dense_only,1,60,1406,0.39494757138577957,0.9191559981033665,171.3515884305358,170.92911332385017,8587.830014224752,0.0,0.00023707918444760548
arguana,ablation,primary,mugi_controlled,1,60,1406,0.3319266037807897,0.8470839260312945,532.2375533428165,470.8150782361309,3889.975106685633,0.04670459933617828,0.00023707918444760548
arguana,ablation,primary,original,1,60,1406,0.39411130512469195,0.9203413940256046,157.1009957325747,156.6628733997155,8587.830014224752,0.0,0.0
arguana,ablation,primary,proposed,1,60,1406,0.3974534803958274,0.9212897107633949,152.4023233760076,151.9815078236131,8587.830014224752,0.0,0.00023707918444760548
arguana,ablation,primary,sparse_boolean_mask,1,60,1406,0.39791914390855554,0.9210526315789473,144.6578947368421,144.2425320056899,8587.830014224752,0.0,0.00023707918444760548
arguana,ablation,primary,sparse_only,1,60,1406,0.397382534468306,0.9215267899478427,141.72569938359413,141.29018492176388,8587.830014224752,0.0,0.00023707918444760548
arguana,ablation,primary,sparse_references_only,1,60,1406,0.33195663796379415,0.8470839260312945,532.7522522522522,471.39758179231865,3889.975106685633,0.04670459933617828,0.00023707918444760548
arguana,ablation,primary,bridge_shared,3,60,1406,0.3981631521756559,0.922475106685633,134.11024182076812,133.68539592223803,8606.959933617827,0.0,0.00023707918444760548
arguana,ablation,primary,dense_only,3,60,1406,0.3957290913751621,0.9184447605500237,168.22996680891418,167.79800853485065,8587.830014224752,0.0,0.00023707918444760548
arguana,ablation,primary,mugi_controlled,3,60,1406,0.37097026560655216,0.8926031294452347,229.36273115220484,225.65173067804645,6507.908250355619,0.0040303461356092935,0.00023707918444760548
arguana,ablation,primary,original,3,60,1406,0.39411130512469195,0.9203413940256046,157.1009957325747,156.6628733997155,8587.830014224752,0.0,0.0
arguana,ablation,primary,proposed,3,60,1406,0.39868942717397476,0.9212897107633949,141.90350877192984,141.481981981982,8587.830014224752,0.0,0.00023707918444760548
arguana,ablation,primary,sparse_boolean_mask,3,60,1406,0.3982744183327911,0.922475106685633,133.5353247984827,133.11119013750593,8587.830014224752,0.0,0.00023707918444760548
arguana,ablation,primary,sparse_only,3,60,1406,0.39721818555498034,0.9215267899478427,136.12944523470838,135.69630156472263,8587.830014224752,0.0,0.00023707918444760548
arguana,ablation,primary,sparse_references_only,3,60,1406,0.37094384672576675,0.8926031294452347,229.29658605974396,225.58463726884779,6507.908250355619,0.0040303461356092935,0.00023707918444760548
arguana,controlled,primary,bridge_shared,5,60,1406,0.4003969700504824,0.9265054528212423,123.42792792792793,123.00711237553342,8616.804883831199,0.0,0.00023707918444760548
arguana,controlled,primary,dense_only,5,60,1406,0.3956404997787059,0.9193930772878142,164.69203413940255,164.2619724988146,8587.830014224752,0.0,0.00023707918444760548
arguana,controlled,primary,mugi_controlled,5,60,1406,0.3842926058569953,0.9108582266477003,153.2316263632053,152.7633949739213,7508.769796111902,0.00047415836889521095,0.00023707918444760548
arguana,controlled,primary,original,5,60,1406,0.39411130512469195,0.9203413940256046,157.1009957325747,156.6628733997155,8587.830014224752,0.0,0.0
arguana,controlled,primary,proposed,5,60,1406,0.39912942136734836,0.9236605026078711,133.14319582740637,132.72190611664297,8587.830014224752,0.0,0.00023707918444760548
arguana,controlled,primary,sparse_boolean_mask,5,60,1406,0.400472152631071,0.9265054528212423,123.39307728781412,122.97226173541964,8587.830014224752,0.0,0.00023707918444760548
arguana,controlled,primary,sparse_only,5,60,1406,0.39783721690167356,0.9241346609767662,126.85846372688478,126.42603129445234,8587.830014224752,0.0,0.00023707918444760548
arguana,controlled,primary,sparse_references_only,5,60,1406,0.3843659165439636,0.9108582266477003,153.2375533428165,152.76932195353248,7508.769796111902,0.00047415836889521095,0.00023707918444760548
fiqa,ablation,primary,bridge_shared,1,60,648,0.35552531619730393,0.5211133773633774,1194.119341563786,1177.1219135802469,35332.937242798354,0.007716049382716049,0.0
fiqa,ablation,primary,dense_only,1,60,648,0.3655368190196016,0.5280797192062624,2705.099279835391,2574.0149176954733,28384.567901234568,0.027777777777777776,0.0
fiqa,ablation,primary,mugi_controlled,1,60,648,0.2832399814672593,0.4657861442969467,2390.7633744855966,2111.167695473251,22928.37705761317,0.037037037037037035,0.0
fiqa,ablation,primary,original,1,60,648,0.36486416313643805,0.5260367590228702,2178.956790123457,2076.33024691358,28384.567901234568,0.012345679012345678,0.0
fiqa,ablation,primary,proposed,1,60,648,0.36791970106319144,0.5318331616942727,1581.5102880658435,1495.4526748971193,28384.567901234568,0.018518518518518517,0.0
fiqa,ablation,primary,sparse_boolean_mask,1,60,648,0.3565567008151125,0.5235731232644812,1200.1430041152262,1161.6044238683128,28384.567901234568,0.011831275720164609,0.0
fiqa,ablation,primary,sparse_only,1,60,648,0.37734132903589374,0.5344682409497225,1701.7201646090537,1587.400205761317,28384.567901234568,0.01440329218106996,0.0
fiqa,ablation,primary,sparse_references_only,1,60,648,0.28661728398727965,0.4707807553100763,2448.4207818930045,2176.332304526749,22926.863683127573,0.03960905349794238,0.0
fiqa,ablation,primary,bridge_shared,3,60,648,0.36516404968119986,0.533787671519153,1027.2145061728395,1025.5704732510287,42778.14609053498,0.0005144032921810699,0.0
fiqa,ablation,primary,dense_only,3,60,648,0.3658532756540127,0.5295671206936639,2379.562757201646,2249.2716049382716,28384.567901234568,0.020576131687242795,0.0
fiqa,ablation,primary,mugi_controlled,3,60,648,0.3426696438406311,0.5196214036877618,1519.7932098765432,1508.6985596707818,37662.64146090535,0.005144032921810699,0.0
fiqa,ablation,primary,original,3,60,648,0.36486416313643805,0.5260367590228702,2178.956790123457,2076.33024691358,28384.567901234568,0.012345679012345678,0.0
fiqa,ablation,primary,proposed,3,60,648,0.3798616262651474,0.5399125594341644,1163.272119341564,1098.6486625514403,28384.567901234568,0.011316872427983538,0.0
fiqa,ablation,primary,sparse_boolean_mask,3,60,648,0.36631809491578377,0.5349428335153643,1133.766975308642,1123.3801440329219,28384.567901234568,0.011316872427983538,0.0
fiqa,ablation,primary,sparse_only,3,60,648,0.38387461878017626,0.5413890250695806,1543.1965020576133,1449.4382716049383,28384.567901234568,0.011316872427983538,0.0
fiqa,ablation,primary,sparse_references_only,3,60,648,0.339295140343096,0.516511267938737,1619.0493827160494,1605.9722222222222,36654.90843621399,0.004115226337448559,0.0
fiqa,controlled,primary,bridge_shared,5,60,648,0.36346630956316706,0.5390858398574447,1104.0545267489713,1103.5874485596707,46673.34722222222,0.0,0.0
fiqa,controlled,primary,dense_only,5,60,648,0.3643984720104689,0.530554674806218,2242.554012345679,2094.66975308642,28384.567901234568,0.020061728395061727,0.0
fiqa,controlled,primary,mugi_controlled,5,60,648,0.3580813543184074,0.5375854969219167,1305.0092592592594,1302.505658436214,45366.16563786008,0.0015432098765432098,0.0
fiqa,controlled,primary,original,5,60,648,0.36486416313643805,0.5260367590228702,2178.956790123457,2076.33024691358,28384.567901234568,0.012345679012345678,0.0
fiqa,controlled,primary,proposed,5,60,648,0.3780423656299448,0.5449657238623288,1096.1995884773662,1065.5884773662551,28384.567901234568,0.009259259259259259,0.0
fiqa,controlled,primary,sparse_boolean_mask,5,60,648,0.36274236667425785,0.5402191287222151,1128.4387860082304,1104.9182098765432,28384.567901234568,0.010288065843621397,0.0
fiqa,controlled,primary,sparse_only,5,60,648,0.3805609302782025,0.5446707955967215,1432.4212962962963,1361.6862139917696,28384.567901234568,0.011831275720164609,0.0
fiqa,controlled,primary,sparse_references_only,5,60,648,0.3444375673862635,0.5297554939916052,1638.2469135802469,1619.7726337448562,42777.69907407407,0.004115226337448559,0.0
nfcorpus,ablation,primary,bridge_shared,1,60,323,0.361390503473332,0.21323600981793303,392.15892672858615,292.96078431372547,1671.984520123839,0.11764705882352941,0.0
nfcorpus,ablation,primary,dense_only,1,60,323,0.3761585191423936,0.21537183422597372,550.6965944272446,201.10526315789474,561.5263157894736,0.5252837977296181,0.0
nfcorpus,ablation,primary,mugi_controlled,1,60,323,0.3479234463019369,0.20734797056364027,423.0990712074303,315.5686274509804,1587.2631578947369,0.12796697626418987,0.0
nfcorpus,ablation,primary,original,1,60,323,0.3669559523426591,0.20989375358537124,474.3715170278638,173.74303405572755,561.5263157894736,0.48606811145510836,0.0
nfcorpus,ablation,primary,proposed,1,60,323,0.3750172053470738,0.21835051029840788,455.18679050567596,158.15892672858618,561.5263157894736,0.4932920536635707,0.0
nfcorpus,ablation,primary,sparse_boolean_mask,1,60,323,0.37014757141732724,0.21771336343586037,426.5283797729618,140.3952528379773,561.5263157894736,0.48606811145510836,0.0
nfcorpus,ablation,primary,sparse_only,1,60,323,0.3683116130904181,0.21309462202392873,434.75748194014443,157.60165118679052,561.5263157894736,0.47574819401444784,0.0
nfcorpus,ablation,primary,sparse_references_only,1,60,323,0.34283725513003094,0.20664583227043265,455.76573787409706,335.9308565531476,1587.1527347781216,0.14035087719298245,0.0
nfcorpus,ablation,primary,bridge_shared,3,60,323,0.3764064233158957,0.2264747536100698,362.03508771929825,347.71413828689373,2777.296181630547,0.044375644994840036,0.0
nfcorpus,ablation,primary,dense_only,3,60,323,0.37585916493793947,0.21891183863173327,524.984520123839,186.9814241486068,561.5263157894736,0.5046439628482973,0.0
nfcorpus,ablation,primary,mugi_controlled,3,60,323,0.3766549441195903,0.22583204221118638,369.9659442724458,354.6222910216718,2769.6357069143446,0.044375644994840036,0.0
nfcorpus,ablation,primary,original,3,60,323,0.3669559523426591,0.20989375358537124,474.3715170278638,173.74303405572755,561.5263157894736,0.48606811145510836,0.0
nfcorpus,ablation,primary,proposed,3,60,323,0.37928161614319617,0.2203525367610264,418.28482972136226,138.39422084623322,561.5263157894736,0.47987616099071206,0.0
nfcorpus,ablation,primary,sparse_boolean_mask,3,60,323,0.3764477700751034,0.22117668889101366,383.8544891640867,122.80392156862744,561.5263157894736,0.4613003095975232,0.0
nfcorpus,ablation,primary,sparse_only,3,60,323,0.3714459189974363,0.21508355766564002,425.06604747162027,148.09597523219813,561.5263157894736,0.46852425180598556,0.0
nfcorpus,ablation,primary,sparse_references_only,3,60,323,0.371121349106572,0.22360238720370482,402.4313725490196,382.2435500515996,2758.628482972136,0.05056759545923632,0.0
nfcorpus,controlled,primary,bridge_shared,5,60,323,0.37801565649546365,0.22599197812084407,359.0536635706914,357.5872033023736,3211.5552115583077,0.011351909184726523,0.0
nfcorpus,controlled,primary,dense_only,5,60,323,0.3742070234936204,0.2172384400826006,507.36326109391126,182.93292053663572,561.5263157894736,0.5046439628482973,0.0
nfcorpus,controlled,primary,mugi_controlled,5,60,323,0.37785113484263105,0.22558061195216547,368.2590299277606,367.6584107327142,3211.107327141383,0.009287925696594427,0.0
nfcorpus,controlled,primary,original,5,60,323,0.3669559523426591,0.20989375358537124,474.3715170278638,173.74303405572755,561.5263157894736,0.48606811145510836,0.0
nfcorpus,controlled,primary,proposed,5,60,323,0.3793063400880092,0.21952937736602904,403.05882352941177,133.5190918472652,561.5263157894736,0.4674922600619195,0.0
nfcorpus,controlled,primary,sparse_boolean_mask,5,60,323,0.3776936629257269,0.2202744116995453,376.44685242518057,120.69453044375646,561.5263157894736,0.4602683178534571,0.0
nfcorpus,controlled,primary,sparse_only,5,60,323,0.37136077088028757,0.21522267403697026,418.05985552115584,143.60165118679052,561.5263157894736,0.4582043343653251,0.0
nfcorpus,controlled,primary,sparse_references_only,5,60,323,0.37624436494207286,0.2219676927378518,409.06604747162027,406.29411764705884,3204.137254901961,0.01238390092879257,0.0
scidocs,ablation,primary,bridge_shared,1,60,1000,0.18935495226330934,0.27242222222222223,485.2253333333333,472.988,16323.942666666666,0.006,0.0
scidocs,ablation,primary,dense_only,1,60,1000,0.19276021748836236,0.27290000000000003,698.1076666666667,596.0946666666666,11503.031,0.025333333333333333,0.0
scidocs,ablation,primary,mugi_controlled,1,60,1000,0.1725230650322213,0.2549388888888889,867.594,825.2956666666666,13343.754333333334,0.01633333333333333,0.0
scidocs,ablation,primary,original,1,60,1000,0.1923367133669776,0.27208333333333334,694.801,599.294,11503.031,0.027,0.0
scidocs,ablation,primary,proposed,1,60,1000,0.19227638441159717,0.2765055555555556,530.8596666666666,452.8606666666667,11503.031,0.020666666666666663,0.0
scidocs,ablation,primary,sparse_boolean_mask,1,60,1000,0.18964882283680526,0.27295555555555556,507.158,428.71733333333333,11503.031,0.016666666666666663,0.0
scidocs,ablation,primary,sparse_only,1,60,1000,0.1926817239055122,0.27467222222222226,629.3473333333334,557.0206666666667,11503.031,0.020666666666666667,0.0
scidocs,ablation,primary,sparse_references_only,1,60,1000,0.1732899856977281,0.2558888888888889,888.1053333333334,840.156,13343.366,0.018333333333333333,0.0
scidocs,ablation,primary,bridge_shared,3,60,1000,0.19138127943535466,0.2777888888888889,386.622,386.1346666666667,21320.272,0.0,0.0
scidocs,ablation,primary,dense_only,3,60,1000,0.19381450673317285,0.27468333333333333,631.0806666666666,534.429,11503.031,0.024,0.0
scidocs,ablation,primary,mugi_controlled,3,60,1000,0.18542769911504067,0.2751777777777778,486.7023333333333,486.0403333333333,20803.07933333333,0.0016666666666666666,0.0
scidocs,ablation,primary,original,3,60,1000,0.1923367133669776,0.27208333333333334,694.801,599.294,11503.031,0.027,0.0
scidocs,ablation,primary,proposed,3,60,1000,0.1932831493664558,0.27816111111111114,463.3776666666667,398.409,11503.031,0.017,0.0
scidocs,ablation,primary,sparse_boolean_mask,3,60,1000,0.19136914806194383,0.2773388888888889,414.8066666666667,360.985,11503.031,0.014666666666666666,0.0
scidocs,ablation,primary,sparse_only,3,60,1000,0.19291380851073006,0.2753388888888889,575.754,505.176,11503.031,0.01933333333333333,0.0
scidocs,ablation,primary,sparse_references_only,3,60,1000,0.18526524562835464,0.2733,505.7473333333333,505.0023333333333,20768.682666666668,0.002,0.0
scidocs,controlled,primary,bridge_shared,5,60,1000,0.190491603885545,0.27895555555555557,372.7136666666667,372.22066666666666,23239.600333333332,0.0,0.0
scidocs,controlled,primary,dense_only,5,60,1000,0.19372991919707264,0.27567222222222226,645.5453333333334,545.7453333333334,11503.031,0.02333333333333333,0.0
scidocs,controlled,primary,mugi_controlled,5,60,1000,0.18912894149406706,0.2767277777777778,404.2453333333333,403.7606666666667,23145.23,0.0,0.0
scidocs,controlled,primary,original,5,60,1000,0.1923367133669776,0.27208333333333334,694.801,599.294,11503.031,0.027,0.0
scidocs,controlled,primary,proposed,5,60,1000,0.1939894023139877,0.2786777777777778,448.773,387.2253333333333,11503.031,0.01633333333333333,0.0
scidocs,controlled,primary,sparse_boolean_mask,5,60,1000,0.19021180818749492,0.27844444444444444,398.3346666666667,340.7143333333333,11503.031,0.011,0.0
scidocs,controlled,primary,sparse_only,5,60,1000,0.19392578784040668,0.2749611111111111,558.5163333333334,495.671,11503.031,0.021,0.0
scidocs,controlled,primary,sparse_references_only,5,60,1000,0.18683669548362666,0.27469444444444446,412.245,411.767,23057.643666666667,0.0,0.0
scifact,ablation,primary,bridge_shared,1,60,300,0.7342519965838527,0.9191111111111112,328.97444444444443,319.0311111111111,3395.662222222222,0.017777777777777778,0.0
scifact,ablation,primary,dense_only,1,60,300,0.73355615585754,0.9079999999999999,429.0077777777778,381.3977777777778,2765.673333333333,0.05888888888888889,0.0
scifact,ablation,primary,mugi_controlled,1,60,300,0.7075864087077491,0.8991111111111112,432.79777777777775,396.13444444444445,2565.5955555555556,0.06111111111111111,0.0
scifact,ablation,primary,original,1,60,300,0.725308967579803,0.9035555555555556,409.0733333333333,368.59,2765.673333333333,0.043333333333333335,0.0
scifact,ablation,primary,proposed,1,60,300,0.7348684293032615,0.9175555555555555,344.80333333333334,324.96666666666664,2765.673333333333,0.04444444444444444,0.0
scifact,ablation,primary,sparse_boolean_mask,1,60,300,0.7352937312998313,0.9191111111111112,338.9688888888889,312.4455555555556,2765.673333333333,0.04444444444444444,0.0
scifact,ablation,primary,sparse_only,1,60,300,0.7295077653096541,0.9145185185185185,366.29777777777775,339.97333333333336,2765.673333333333,0.048888888888888885,0.0
scifact,ablation,primary,sparse_references_only,1,60,300,0.7076046117323169,0.8991111111111112,432.6122222222222,396.3933333333333,2565.5955555555556,0.05888888888888888,0.0
scifact,ablation,primary,bridge_shared,3,60,300,0.7393366133577899,0.9181851851851852,287.1855555555556,285.6988888888889,4129.681111111111,0.008888888888888889,0.0
scifact,ablation,primary,dense_only,3,60,300,0.7348150326897016,0.9102222222222222,410.8744444444444,370.84222222222223,2765.673333333333,0.05222222222222222,0.0
scifact,ablation,primary,mugi_controlled,3,60,300,0.7303730846623545,0.9115185185185186,302.3211111111111,296.6533333333333,3887.5477777777774,0.012222222222222221,0.0
scifact,ablation,primary,original,3,60,300,0.725308967579803,0.9035555555555556,409.0733333333333,368.59,2765.673333333333,0.043333333333333335,0.0
scifact,ablation,primary,proposed,3,60,300,0.7418637518052896,0.9194444444444444,327.65,300.5877777777778,2765.673333333333,0.03666666666666667,0.0
scifact,ablation,primary,sparse_boolean_mask,3,60,300,0.7384057778446274,0.917074074074074,291.92333333333335,276.4188888888889,2765.673333333333,0.03333333333333333,0.0
scifact,ablation,primary,sparse_only,3,60,300,0.7337344696187971,0.9171111111111111,336.28444444444443,311.5522222222222,2765.673333333333,0.04,0.0
scifact,ablation,primary,sparse_references_only,3,60,300,0.7296983620902165,0.9126296296296297,304.68333333333334,298.44222222222226,3879.6366666666668,0.012222222222222221,0.0
scifact,controlled,primary,bridge_shared,5,60,300,0.7324982610753313,0.9182222222222222,284.06333333333333,282.64222222222224,4489.038888888889,0.0033333333333333335,0.0
scifact,controlled,primary,dense_only,5,60,300,0.7360213525488403,0.9135555555555556,413.8055555555556,369.0466666666667,2765.673333333333,0.051111111111111114,0.0
scifact,controlled,primary,mugi_controlled,5,60,300,0.7295331274501894,0.9137777777777778,293.56333333333333,292.0288888888889,4421.727777777777,0.005555555555555555,0.0
scifact,controlled,primary,original,5,60,300,0.725308967579803,0.9035555555555556,409.0733333333333,368.59,2765.673333333333,0.043333333333333335,0.0
scifact,controlled,primary,proposed,5,60,300,0.742740181615894,0.92,318.34555555555556,291.5655555555556,2765.673333333333,0.03888888888888889,0.0
scifact,controlled,primary,sparse_boolean_mask,5,60,300,0.7333488951176145,0.9182222222222222,292.0288888888889,273.6433333333333,2765.673333333333,0.03,0.0
scifact,controlled,primary,sparse_only,5,60,300,0.7344936558662541,0.9192222222222222,331.18222222222226,303.32,2765.673333333333,0.035555555555555556,0.0
scifact,controlled,primary,sparse_references_only,5,60,300,0.7312724468076255,0.9148888888888888,302.4844444444444,299.3955555555556,4382.963333333333,0.007777777777777777,0.0
trec-covid,ablation,primary,bridge_shared,1,60,50,0.7747102881217307,0.04143013170309152,2114.2266666666665,2113.7,112169.65333333334,0.0,0.0
trec-covid,ablation,primary,dense_only,1,60,50,0.7917103266485433,0.04118466016240597,5095.86,4474.026666666667,92683.78,0.006666666666666666,0.0
trec-covid,ablation,primary,mugi_controlled,1,60,50,0.71025825231016,0.03836484753152765,4663.3,4555.013333333333,87154.34,0.013333333333333332,0.0
trec-covid,ablation,primary,original,1,60,50,0.7781209176465729,0.03981206659271425,6270.92,4729.94,92683.78,0.02,0.0
trec-covid,ablation,primary,proposed,1,60,50,0.80402895573344,0.042337221715654454,2783.06,2782.6133333333332,92683.78,0.0,0.0
trec-covid,ablation,primary,sparse_boolean_mask,1,60,50,0.7777933139990076,0.04154140432221868,2475.433333333333,2318.7666666666664,92683.78,0.006666666666666666,0.0
trec-covid,ablation,primary,sparse_only,1,60,50,0.7934435273585989,0.04163157707129162,4025.0333333333333,3977.826666666667,92683.78,0.013333333333333332,0.0
trec-covid,ablation,primary,sparse_references_only,1,60,50,0.7174086767186698,0.03853039144087139,4686.406666666666,4358.7,87154.34,0.006666666666666666,0.0
trec-covid,ablation,primary,bridge_shared,3,60,50,0.8086979826489237,0.042846892709055305,1107.36,1106.88,133667.50666666665,0.0,0.0
trec-covid,ablation,primary,dense_only,3,60,50,0.7864199312466461,0.04112418667908655,3945.26,3944.726666666667,92683.78,0.006666666666666666,0.0
trec-covid,ablation,primary,mugi_controlled,3,60,50,0.7929789797453226,0.041551108142904525,1539.9866666666667,1539.5733333333335,125718.82666666666,0.0,0.0
trec-covid,ablation,primary,original,3,60,50,0.7781209176465729,0.03981206659271425,6270.92,4729.94,92683.78,0.02,0.0
trec-covid,ablation,primary,proposed,3,60,50,0.8206018602877766,0.04318416419617007,1913.3466666666666,1912.88,92683.78,0.0,0.0
trec-covid,ablation,primary,sparse_boolean_mask,3,60,50,0.8111640914086675,0.04288028381589598,1135.0,1078.0866666666668,92683.78,0.006666666666666666,0.0
trec-covid,ablation,primary,sparse_only,3,60,50,0.8109097391985225,0.042532966309679184,1509.7733333333335,1509.4533333333334,92683.78,0.0,0.0
trec-covid,ablation,primary,sparse_references_only,3,60,50,0.7896440885808199,0.04133821591097755,1755.26,1754.8666666666666,125034.90666666666,0.0,0.0
trec-covid,controlled,primary,bridge_shared,5,60,50,0.8168532182206378,0.04331282816426588,787.3066666666667,786.9266666666666,141483.14666666667,0.0,0.0
trec-covid,controlled,primary,dense_only,5,60,50,0.7856137143746429,0.04130173568270692,4400.98,3852.68,92683.78,0.013333333333333332,0.0
trec-covid,controlled,primary,mugi_controlled,5,60,50,0.8122807290277412,0.04344882635086182,774.16,773.8066666666667,139837.51333333334,0.0,0.0
trec-covid,controlled,primary,original,5,60,50,0.7781209176465729,0.03981206659271425,6270.92,4729.94,92683.78,0.02,0.0
trec-covid,controlled,primary,proposed,5,60,50,0.8223990344221792,0.043478817412571875,1574.8466666666666,1574.3666666666666,92683.78,0.0,0.0
trec-covid,controlled,primary,sparse_boolean_mask,5,60,50,0.8189986261566902,0.04317541474072262,788.46,788.1133333333332,92683.78,0.0,0.0
trec-covid,controlled,primary,sparse_only,5,60,50,0.8182647661944129,0.0430668714304581,1776.3733333333334,1776.08,92683.78,0.0,0.0
trec-covid,controlled,primary,sparse_references_only,5,60,50,0.8066641704139278,0.04262130170389605,1571.44,1571.14,136313.4,0.0,0.0
webis-touche2020,ablation,primary,bridge_shared,1,60,49,0.35879778275297985,0.3213371800728406,1606.9931972789113,1606.544217687075,203486.44217687074,0.0,0.0
webis-touche2020,ablation,primary,dense_only,1,60,49,0.38298850733133893,0.3424468298550674,2083.673469387755,2083.210884353741,151619.04081632654,0.0,0.0
webis-touche2020,ablation,primary,mugi_controlled,1,60,49,0.3173674047414161,0.292323942538933,2555.6938775510203,2402.9455782312925,141102.9863945578,0.006802721088435374,0.0
webis-touche2020,ablation,primary,original,1,60,49,0.37863737023350275,0.33819276362595646,2081.7755102040815,2081.387755102041,151619.04081632654,0.0,0.0
webis-touche2020,ablation,primary,proposed,1,60,49,0.3774565127697741,0.3397617733207415,1437.9115646258504,1437.5034013605443,151618.81632653062,0.0,0.0
webis-touche2020,ablation,primary,sparse_boolean_mask,1,60,49,0.3659061264031182,0.3262317501095968,1242.9863945578231,1242.5238095238096,151618.81632653062,0.0,0.0
webis-touche2020,ablation,primary,sparse_only,1,60,49,0.38086426340266893,0.3436408954450728,1212.6258503401361,1212.2312925170068,151618.81632653062,0.0,0.0
webis-touche2020,ablation,primary,sparse_references_only,1,60,49,0.31922302461961705,0.29072448061139244,3201.326530612245,3062.795918367347,141102.9863945578,0.006802721088435374,0.0
webis-touche2020,ablation,primary,bridge_shared,3,60,49,0.3797410022844865,0.32745084920920836,1180.8367346938776,1180.4965986394557,256985.6530612245,0.0,0.0
webis-touche2020,ablation,primary,dense_only,3,60,49,0.38289225375023583,0.34956992914931134,1074.3197278911566,1073.863945578231,151619.04081632654,0.0,0.0
webis-touche2020,ablation,primary,mugi_controlled,3,60,49,0.37146662016348636,0.32080833839524636,1501.8231292517005,1501.517006802721,247384.0680272109,0.0,0.0
webis-touche2020,ablation,primary,original,3,60,49,0.37863737023350275,0.33819276362595646,2081.7755102040815,2081.387755102041,151619.04081632654,0.0,0.0
webis-touche2020,ablation,primary,proposed,3,60,49,0.3974038768425629,0.35008618601555597,1003.0612244897959,1002.6802721088436,151618.68707482994,0.0,0.0
webis-touche2020,ablation,primary,sparse_boolean_mask,3,60,49,0.3801975524885584,0.32798680897799914,2204.0408163265306,2203.7074829931976,151618.68707482994,0.0,0.0
webis-touche2020,ablation,primary,sparse_only,3,60,49,0.39224950338948883,0.3545227249624621,824.2244897959183,823.8707482993199,151618.68707482994,0.0,0.0
webis-touche2020,ablation,primary,sparse_references_only,3,60,49,0.35304285816379144,0.31184754686863725,2932.4557823129253,2932.1632653061224,230336.95918367346,0.0,0.0
webis-touche2020,controlled,primary,bridge_shared,5,60,49,0.3882506024998627,0.3344166655228695,1221.5238095238094,1221.2721088435374,284676.95238095237,0.0,0.0
webis-touche2020,controlled,primary,dense_only,5,60,49,0.38518128775925037,0.3478343281651163,1330.7687074829932,1330.2925170068029,151619.04081632654,0.0,0.0
webis-touche2020,controlled,primary,mugi_controlled,5,60,49,0.39534766948894723,0.33685356045262366,1892.2993197278913,1892.0408163265306,284240.3333333334,0.0,0.0
webis-touche2020,controlled,primary,original,5,60,49,0.37863737023350275,0.33819276362595646,2081.7755102040815,2081.387755102041,151619.04081632654,0.0,0.0
webis-touche2020,controlled,primary,proposed,5,60,49,0.407119438509186,0.3560404415782501,1127.7823129251701,1127.408163265306,151618.87074829932,0.0,0.0
webis-touche2020,controlled,primary,sparse_boolean_mask,5,60,49,0.38902418117843457,0.33542582580073727,1275.9115646258504,1275.6530612244899,151618.87074829932,0.0,0.0
webis-touche2020,controlled,primary,sparse_only,5,60,49,0.4034210720727777,0.3531193473296466,1547.6734693877552,1547.3333333333333,151618.87074829932,0.0,0.0
webis-touche2020,controlled,primary,sparse_references_only,5,60,49,0.36561333598729245,0.31991171302134586,2363.074829931973,2362.8367346938776,267666.0612244898,0.0,0.0
